section,finding,implication,caveat
inflation_trend,"March 2026 headline inflation at 4.1%, above the BSP 4.0% upper bound by 0.1pp",BSP is likely in a monitoring posture; no clear easing signal from recent inflation data,Single-month breach; trend trajectory and core inflation matter more than a one-month reading
model_performance,"Linear regression RMSE 0.4889, directional accuracy 62.3% on 20% chronological holdout",Model captures modest directional signal beyond the naive benchmark (0% directional accuracy),MAPE 19.1% implies meaningful absolute forecast uncertainty; not a production nowcasting model
latest_forecast,"April 2026 model forecast: 5.02%, above the BSP upper bound by approximately 1.02pp",Forecast implies continued upside inflation pressure if March momentum persists into April,"Model uses only lagged inflation and USD/PHP features; no commodity, rice, or policy-rate inputs"
scenario_a_bsp_hold_tighten,"If inflation remains above 4.0% into Q2 2026, BSP may hold current policy rate or tighten",Higher borrowing costs; short-term NIM support for banks; loan repricing risk for fintechs,"BSP decisions depend on full macro picture including core inflation, output gap, and global conditions"
scenario_b_bsp_ease,"If inflation reverses quickly toward 3.0%, BSP may resume its easing cycle",Lower lending rates; favorable refinancing environment for corporates,"Easing cycle requires sustained disinflation, not a single favorable data point"
scenario_c_external_shock,Peso depreciation or commodity price spike could amplify inflation beyond the model forecast,Corporates with USD-denominated debt face simultaneous rate and FX pressure,External shocks are not modeled; USD/PHP feature in the model provides only a partial FX channel
business_banks,Elevated inflation sustaining BSP at current rate supports short-term NIM expansion,Variable-rate loan books benefit; fixed-rate funding creates repricing risk on the liability side,Asset quality monitoring becomes more important as higher prices compress household debt service capacity
business_fintechs,Consumer fintech lenders face higher funding costs and potential delinquency uptick,Loan repricing windows are shorter for fintech products; scenario analysis on cost-of-funds is prudent,"Impact depends heavily on borrower credit quality, loan tenor, and fintech funding structure"
business_corporate,Cost of debt rises in sustained above-band inflation; USD/PHP at 59.4 adds import cost pressure,CFOs should stress-test refinancing assumptions against 4.5%–5.5% inflation scenarios for H1 2026,"Scenario is model-generated, not a professional forecast; actual BSP path and inflation trajectory are unknown"
